Variable,MeanValue
k,2.80368
c,1.11063
z,1.01919
